Recall,Precision
0.0,0.5619016239409448
0.1,0.3452908669616793
0.2,0.2764925471583238
0.3,0.24912914689716192
0.4,0.24075550606561424
0.5,0.23732202877334616
0.6,0.2340000536082168
0.7,0.2340000536082168
0.8,0.2340000536082168
0.9,0.2340000536082168
1.0,0.2340000536082168
