Recall,Precision
0.0,0.5400263647314614
0.1,0.36537302205547184
0.2,0.3181404195178408
0.3,0.2946655003961872
0.4,0.28938773067577983
0.5,0.28603528847207416
0.6,0.2823422692347575
0.7,0.2823422692347575
0.8,0.2823422692347575
0.9,0.2823422692347575
1.0,0.2823422692347575
